Gene,Log2FC,neg_log10(P),PValue,Status,Mean
GAPDH,-0.0153,1.1775,0.06645080744239928,NS,17.9392
PGK1,1.409,10,0,UP,17.5832
ENO1,2,10,0,UP,16.4576
PKM,2.6939,10,0,UP,17.7221
LDHA,3.0588,10,0,UP,15.4021
HK1,-0.5923,10,0,NS,16.2843
GPI,-0.1699,12.7022,1.98507876802978e-13,NS,15.6357
PFKM,-1.6167,10,0,DOWN,17.0029
IL6,2.9996,10,0,UP,12.051
IL8,4.2279,10,0,UP,11.7587
TNF,3.1276,10,0,UP,10.2095